winner_pp,placer_pp,show_pp,winner,placer,show,our_prob_pct,mkt_prob_pct,payout_per_1,payout_source,overlay,ev_per_1
18,19,3,Further Ado,Golden Tempo,Intrepido,0.0529,0.0072,10799.1515,synth,7.3253,4.7138
18,3,19,Further Ado,Intrepido,Golden Tempo,0.0513,0.0071,10972.9764,synth,7.2168,4.6291
18,4,3,Further Ado,Litmus Test,Intrepido,0.0503,0.0072,10799.1515,synth,6.97,4.4366
18,19,4,Further Ado,Golden Tempo,Litmus Test,0.0871,0.0133,5849.5404,synth,6.5338,4.0963
18,4,19,Further Ado,Litmus Test,Golden Tempo,0.0868,0.0133,5849.5404,synth,6.5117,4.0792
19,18,4,Golden Tempo,Further Ado,Litmus Test,0.0762,0.0122,6388.2168,synth,6.2378,3.8655
4,18,19,Litmus Test,Further Ado,Golden Tempo,0.0757,0.0122,6388.2168,synth,6.1997,3.8358
19,4,18,Golden Tempo,Litmus Test,Further Ado,0.0658,0.0111,6997.159,synth,5.9,3.602
4,19,18,Litmus Test,Golden Tempo,Further Ado,0.0656,0.0111,6997.159,synth,5.8838,3.5894
18,1,3,Further Ado,Renegade,Intrepido,0.1208,0.0297,2630.3165,synth,4.0726,2.1767
18,3,1,Further Ado,Intrepido,Renegade,0.1075,0.0264,2954.2629,synth,4.0721,2.1763
18,19,14,Further Ado,Golden Tempo,Potente,0.0718,0.0182,4274.6641,synth,3.9331,2.0678
1,19,4,Renegade,Golden Tempo,Litmus Test,0.0519,0.0133,5849.5404,synth,3.8926,2.0362
1,4,19,Renegade,Litmus Test,Golden Tempo,0.0517,0.0133,5849.5404,synth,3.8803,2.0267
18,19,11,Further Ado,Golden Tempo,Incredibolt,0.0517,0.0133,5849.5404,synth,3.8781,2.0249
18,19,1,Further Ado,Golden Tempo,Renegade,0.1913,0.0495,1574.8763,synth,3.8616,2.012
3,18,1,Intrepido,Further Ado,Renegade,0.0916,0.0238,3272.256,synth,3.8449,1.999
18,14,19,Further Ado,Potente,Golden Tempo,0.0706,0.0185,4219.3562,synth,3.8213,1.9806
1,18,3,Renegade,Further Ado,Intrepido,0.1131,0.0297,2630.3165,synth,3.8142,1.9751
18,1,19,Further Ado,Renegade,Golden Tempo,0.2083,0.0547,1424.7548,synth,3.8049,1.9678
18,11,19,Further Ado,Incredibolt,Golden Tempo,0.0501,0.0133,5849.5404,synth,3.7565,1.9301
19,18,14,Golden Tempo,Further Ado,Potente,0.0627,0.0167,4668.3123,synth,3.755,1.9289
18,4,14,Further Ado,Litmus Test,Potente,0.0683,0.0182,4274.6641,synth,3.7424,1.919
18,3,15,Further Ado,Intrepido,Emerging Market,0.0682,0.0185,4220.3755,synth,3.6901,1.8783
19,18,1,Golden Tempo,Further Ado,Renegade,0.1672,0.0454,1719.9045,synth,3.6867,1.8756
18,4,1,Further Ado,Litmus Test,Renegade,0.182,0.0495,1574.8763,synth,3.6743,1.866
18,3,6,Further Ado,Intrepido,Commandment,0.1127,0.0308,2532.2253,synth,3.6595,1.8544
18,14,4,Further Ado,Potente,Litmus Test,0.0674,0.0185,4219.3562,synth,3.6483,1.8456
18,1,4,Further Ado,Renegade,Litmus Test,0.1989,0.0547,1424.7548,synth,3.6326,1.8334
18,15,3,Further Ado,Emerging Market,Intrepido,0.0721,0.0199,3920.1325,synth,3.6243,1.827
18,6,3,Further Ado,Commandment,Intrepido,0.1277,0.0354,2200.3778,synth,3.6018,1.8094
3,1,18,Intrepido,Renegade,Further Ado,0.0856,0.0238,3272.256,synth,3.5913,1.8012
1,18,19,Renegade,Further Ado,Golden Tempo,0.1951,0.0547,1424.7548,synth,3.5634,1.7794
4,18,14,Litmus Test,Further Ado,Potente,0.0595,0.0167,4668.3123,synth,3.563,1.7792
1,3,18,Renegade,Intrepido,Further Ado,0.0941,0.0264,2954.2629,synth,3.5622,1.7785
14,18,19,Potente,Further Ado,Golden Tempo,0.061,0.0171,4555.171,synth,3.5603,1.777
19,6,4,Golden Tempo,Commandment,Litmus Test,0.0512,0.0146,5356.573,synth,3.5133,1.7404
18,19,15,Further Ado,Golden Tempo,Emerging Market,0.1213,0.0347,2249.8232,synth,3.4994,1.7295
4,18,1,Litmus Test,Further Ado,Renegade,0.1586,0.0454,1719.9045,synth,3.4982,1.7286
4,6,19,Litmus Test,Commandment,Golden Tempo,0.0509,0.0146,5356.573,synth,3.4926,1.7242
3,18,15,Intrepido,Further Ado,Emerging Market,0.0581,0.0167,4674.6514,synth,3.4842,1.7177
19,14,18,Golden Tempo,Potente,Further Ado,0.0536,0.0154,5052.9073,synth,3.472,1.7082
18,19,6,Further Ado,Golden Tempo,Commandment,0.2005,0.0578,1349.8939,synth,3.4704,1.7069
3,18,6,Intrepido,Further Ado,Commandment,0.0961,0.0278,2804.7908,synth,3.4553,1.6952
19,1,18,Golden Tempo,Renegade,Further Ado,0.1558,0.0454,1719.9045,synth,3.4364,1.6804
1,18,4,Renegade,Further Ado,Litmus Test,0.1862,0.0547,1424.7548,synth,3.402,1.6536
14,18,4,Potente,Further Ado,Litmus Test,0.0582,0.0171,4555.171,synth,3.399,1.6512
6,19,4,Commandment,Golden Tempo,Litmus Test,0.0552,0.0162,4801.8726,synth,3.3966,1.6493
14,19,18,Potente,Golden Tempo,Further Ado,0.0529,0.0156,4995.074,synth,3.3883,1.6429
18,15,19,Further Ado,Emerging Market,Golden Tempo,0.1244,0.0367,2123.4051,synth,3.386,1.6411
6,4,19,Commandment,Litmus Test,Golden Tempo,0.055,0.0162,4801.8726,synth,3.3858,1.6409
1,19,18,Renegade,Golden Tempo,Further Ado,0.167,0.0495,1574.8763,synth,3.3711,1.6294
18,6,19,Further Ado,Commandment,Golden Tempo,0.2202,0.0654,1191.8713,synth,3.365,1.6247
15,18,3,Emerging Market,Further Ado,Intrepido,0.0643,0.0192,4068.3325,synth,3.3553,1.6172
19,18,15,Golden Tempo,Further Ado,Emerging Market,0.1061,0.0317,2457.0065,synth,3.3408,1.6059
18,4,15,Further Ado,Litmus Test,Emerging Market,0.1154,0.0347,2249.8232,synth,3.3296,1.5971
6,18,3,Commandment,Further Ado,Intrepido,0.1204,0.0362,2154.164,synth,3.3244,1.593
19,18,6,Golden Tempo,Further Ado,Commandment,0.1753,0.0529,1474.2039,synth,3.3132,1.5843
18,4,6,Further Ado,Litmus Test,Commandment,0.1908,0.0578,1349.8939,synth,3.302,1.5756
4,14,18,Litmus Test,Potente,Further Ado,0.0509,0.0154,5052.9073,synth,3.2962,1.571
4,1,18,Litmus Test,Renegade,Further Ado,0.1479,0.0454,1719.9045,synth,3.2615,1.544
18,15,4,Further Ado,Emerging Market,Litmus Test,0.1187,0.0367,2123.4051,synth,3.2327,1.5215
14,4,18,Potente,Litmus Test,Further Ado,0.0504,0.0156,4995.074,synth,3.2255,1.5159
3,15,18,Intrepido,Emerging Market,Further Ado,0.0516,0.0161,4854.6843,synth,3.2132,1.5063
18,6,4,Further Ado,Commandment,Litmus Test,0.2102,0.0654,1191.8713,synth,3.2126,1.5058
1,4,18,Renegade,Litmus Test,Further Ado,0.1589,0.0495,1574.8763,synth,3.2083,1.5025
3,6,18,Intrepido,Commandment,Further Ado,0.0904,0.0284,2744.7799,synth,3.1802,1.4806
4,18,15,Litmus Test,Further Ado,Emerging Market,0.1006,0.0317,2457.0065,synth,3.1701,1.4727
15,3,18,Emerging Market,Intrepido,Further Ado,0.054,0.0171,4548.6083,synth,3.1505,1.4574
4,18,6,Litmus Test,Further Ado,Commandment,0.1663,0.0529,1474.2039,synth,3.1438,1.4522
15,18,19,Emerging Market,Further Ado,Golden Tempo,0.111,0.0354,2203.6801,synth,3.1347,1.4451
6,3,18,Commandment,Intrepido,Further Ado,0.1,0.0322,2426.0005,synth,3.1087,1.4248
6,18,19,Commandment,Further Ado,Golden Tempo,0.2076,0.0668,1166.8388,synth,3.1058,1.4225
19,15,18,Golden Tempo,Emerging Market,Further Ado,0.0939,0.0306,2553.1552,synth,3.0721,1.3962
19,6,18,Golden Tempo,Commandment,Further Ado,0.1646,0.0541,1442.1543,synth,3.0426,1.3733
15,18,4,Emerging Market,Further Ado,Litmus Test,0.1059,0.0354,2203.6801,synth,2.9928,1.3343
15,19,18,Emerging Market,Golden Tempo,Further Ado,0.0958,0.0321,2426.2469,synth,2.979,1.3236
6,18,4,Commandment,Further Ado,Litmus Test,0.1982,0.0668,1166.8388,synth,2.9651,1.3128
18,1,16,Further Ado,Renegade,Pavlovian,0.0875,0.0297,2630.3165,synth,2.95,1.301
6,19,18,Commandment,Golden Tempo,Further Ado,0.1775,0.0603,1292.8119,synth,2.9415,1.2944
4,15,18,Litmus Test,Emerging Market,Further Ado,0.0891,0.0306,2553.1552,synth,2.9162,1.2746
18,16,1,Further Ado,Pavlovian,Renegade,0.077,0.0264,2954.2629,synth,2.9158,1.2744
18,3,12,Further Ado,Intrepido,Chief Wallabee,0.0669,0.0231,3376.3004,synth,2.8938,1.2572
4,6,18,Litmus Test,Commandment,Further Ado,0.1562,0.0541,1442.1543,synth,2.8877,1.2524
15,4,18,Emerging Market,Litmus Test,Further Ado,0.0912,0.0321,2426.2469,synth,2.8356,1.2118
6,4,18,Commandment,Litmus Test,Further Ado,0.1689,0.0603,1292.8119,synth,2.7994,1.1835
18,12,3,Further Ado,Chief Wallabee,Intrepido,0.0705,0.0255,3060.2552,synth,2.7679,1.159
1,18,16,Renegade,Further Ado,Pavlovian,0.0819,0.0297,2630.3165,synth,2.7628,1.1549
18,19,12,Further Ado,Golden Tempo,Chief Wallabee,0.1189,0.0433,1799.8586,synth,2.7442,1.1405
3,18,12,Intrepido,Further Ado,Chief Wallabee,0.057,0.0209,3739.7211,synth,2.7323,1.1312
16,18,1,Pavlovian,Further Ado,Renegade,0.065,0.0238,3272.256,synth,2.7273,1.1273
18,15,16,Further Ado,Emerging Market,Pavlovian,0.0522,0.0199,3920.1325,synth,2.6252,1.0477
18,16,6,Further Ado,Pavlovian,Commandment,0.0807,0.0308,2532.2253,synth,2.6204,1.0439
19,18,12,Golden Tempo,Further Ado,Chief Wallabee,0.104,0.0397,1965.6052,synth,2.6199,1.0435
18,4,12,Further Ado,Litmus Test,Chief Wallabee,0.1132,0.0433,1799.8586,synth,2.6111,1.0367
18,6,16,Further Ado,Commandment,Pavlovian,0.0925,0.0354,2200.3778,synth,2.6089,1.035
18,12,19,Further Ado,Chief Wallabee,Golden Tempo,0.1217,0.0471,1657.6382,synth,2.5859,1.017
1,16,18,Renegade,Pavlovian,Further Ado,0.0674,0.0264,2954.2629,synth,2.5526,0.9911
16,1,18,Pavlovian,Renegade,Further Ado,0.0608,0.0238,3272.256,synth,2.5494,0.9885
18,3,8,Further Ado,Intrepido,So Happy,0.0779,0.0308,2532.2253,synth,2.5303,0.9736
12,18,3,Chief Wallabee,Further Ado,Intrepido,0.0628,0.0251,3108.4603,synth,2.5039,0.9531
4,18,12,Litmus Test,Further Ado,Chief Wallabee,0.0986,0.0397,1965.6052,synth,2.486,0.9391
18,12,4,Further Ado,Chief Wallabee,Litmus Test,0.1162,0.0471,1657.6382,synth,2.4688,0.9257
3,12,18,Intrepido,Chief Wallabee,Further Ado,0.0505,0.0205,3799.7321,synth,2.4611,0.9197
16,18,6,Pavlovian,Further Ado,Commandment,0.0682,0.0278,2804.7908,synth,2.451,0.9118
6,18,16,Commandment,Further Ado,Pavlovian,0.0872,0.0362,2154.164,synth,2.408,0.8782
18,19,8,Further Ado,Golden Tempo,So Happy,0.1386,0.0578,1349.8939,synth,2.3995,0.8716
3,18,8,Intrepido,Further Ado,So Happy,0.0664,0.0278,2804.7908,synth,2.3891,0.8635
18,8,3,Further Ado,So Happy,Intrepido,0.0836,0.0354,2200.3778,synth,2.3592,0.8402
12,3,18,Chief Wallabee,Intrepido,Further Ado,0.0528,0.0224,3484.5166,synth,2.358,0.8393
19,12,18,Golden Tempo,Chief Wallabee,Further Ado,0.0918,0.039,1997.6548,synth,2.3521,0.8346
12,18,19,Chief Wallabee,Further Ado,Golden Tempo,0.1084,0.0463,1683.7494,synth,2.3393,0.8246
19,18,8,Golden Tempo,Further Ado,So Happy,0.1212,0.0529,1474.2039,synth,2.2908,0.7868
18,1,2,Further Ado,Renegade,Albus,0.0724,0.0316,2465.9217,synth,2.2876,0.7843
18,4,8,Further Ado,Litmus Test,So Happy,0.1319,0.0578,1349.8939,synth,2.2831,0.7808
16,6,18,Pavlovian,Commandment,Further Ado,0.0641,0.0284,2744.7799,synth,2.2574,0.7608
18,2,1,Further Ado,Albus,Renegade,0.0634,0.0282,2766.1647,synth,2.2467,0.7524
12,18,4,Chief Wallabee,Further Ado,Litmus Test,0.1035,0.0463,1683.7494,synth,2.2334,0.742
4,12,18,Litmus Test,Chief Wallabee,Further Ado,0.0872,0.039,1997.6548,synth,2.2328,0.7416
12,19,18,Chief Wallabee,Golden Tempo,Further Ado,0.0936,0.042,1858.0193,synth,2.2287,0.7384
6,16,18,Commandment,Pavlovian,Further Ado,0.0716,0.0322,2426.0005,synth,2.2275,0.7375
18,8,19,Further Ado,So Happy,Golden Tempo,0.1442,0.0654,1191.8713,synth,2.2041,0.7192
3,1,6,Intrepido,Renegade,Commandment,0.0613,0.0278,2804.7908,synth,2.2026,0.718
18,1,14,Further Ado,Renegade,Potente,0.1638,0.0749,1041.1669,synth,2.1867,0.7056
1,3,6,Renegade,Intrepido,Commandment,0.0673,0.0308,2532.2253,synth,2.1847,0.7041
4,18,8,Litmus Test,Further Ado,So Happy,0.115,0.0529,1474.2039,synth,2.1737,0.6955
3,6,1,Intrepido,Commandment,Renegade,0.0617,0.0284,2744.7799,synth,2.1704,0.6929
18,14,1,Further Ado,Potente,Renegade,0.1481,0.0687,1135.9805,synth,2.1562,0.6818
18,1,11,Further Ado,Renegade,Incredibolt,0.118,0.0547,1424.7548,synth,2.1561,0.6818
1,18,2,Renegade,Further Ado,Albus,0.0678,0.0316,2465.9217,synth,2.1424,0.6711
1,6,3,Renegade,Commandment,Intrepido,0.0756,0.0354,2200.3778,synth,2.1316,0.6627
19,1,15,Golden Tempo,Renegade,Emerging Market,0.0675,0.0317,2457.0065,synth,2.1252,0.6577
6,3,1,Commandment,Intrepido,Renegade,0.0682,0.0322,2426.0005,synth,2.1216,0.6548
12,4,18,Chief Wallabee,Litmus Test,Further Ado,0.0891,0.042,1858.0193,synth,2.1215,0.6547
18,11,1,Further Ado,Incredibolt,Renegade,0.105,0.0495,1574.8763,synth,2.1197,0.6533
19,1,6,Golden Tempo,Renegade,Commandment,0.1115,0.0529,1474.2039,synth,2.1076,0.6439
18,8,4,Further Ado,So Happy,Litmus Test,0.1377,0.0654,1191.8713,synth,2.1043,0.6413
3,8,18,Intrepido,So Happy,Further Ado,0.0597,0.0284,2744.7799,synth,2.1018,0.6394
6,1,3,Commandment,Renegade,Intrepido,0.0761,0.0362,2154.164,synth,2.1007,0.6386
19,15,1,Golden Tempo,Emerging Market,Renegade,0.0641,0.0306,2553.1552,synth,2.0965,0.6353
2,18,1,Albus,Further Ado,Renegade,0.0533,0.0255,3060.5222,synth,2.0902,0.6303
8,18,3,So Happy,Further Ado,Intrepido,0.0755,0.0362,2154.164,synth,2.0849,0.6262
1,19,15,Renegade,Golden Tempo,Emerging Market,0.0723,0.0347,2249.8232,synth,2.0848,0.6261
19,6,1,Golden Tempo,Commandment,Renegade,0.1123,0.0541,1442.1543,synth,2.0765,0.6196
1,19,6,Renegade,Golden Tempo,Commandment,0.1195,0.0578,1349.8939,synth,2.0675,0.6127
1,18,14,Renegade,Further Ado,Potente,0.1534,0.0749,1041.1669,synth,2.0479,0.5974
15,19,1,Emerging Market,Golden Tempo,Renegade,0.0654,0.0321,2426.2469,synth,2.033,0.5858
18,6,2,Further Ado,Commandment,Albus,0.0765,0.0378,2062.8542,synth,2.0231,0.578
1,18,11,Renegade,Further Ado,Incredibolt,0.1105,0.0547,1424.7548,synth,2.0193,0.575
18,2,6,Further Ado,Albus,Commandment,0.0664,0.0329,2370.9983,synth,2.019,0.5748
4,1,15,Litmus Test,Renegade,Emerging Market,0.064,0.0317,2457.0065,synth,2.0171,0.5733
1,15,19,Renegade,Emerging Market,Golden Tempo,0.074,0.0367,2123.4051,synth,2.0138,0.5708
14,18,1,Potente,Further Ado,Renegade,0.1278,0.0636,1226.3922,synth,2.0089,0.5669
19,8,18,Golden Tempo,So Happy,Further Ado,0.1086,0.0541,1442.1543,synth,2.0083,0.5665
6,19,1,Commandment,Golden Tempo,Renegade,0.1211,0.0603,1292.8119,synth,2.0074,0.5658
18,12,16,Further Ado,Chief Wallabee,Pavlovian,0.0511,0.0255,3060.2552,synth,2.0049,0.5638
4,1,6,Litmus Test,Renegade,Commandment,0.1058,0.0529,1474.2039,synth,2.0003,0.5603
1,6,19,Renegade,Commandment,Golden Tempo,0.1303,0.0654,1191.8713,synth,1.9915,0.5533
15,1,19,Emerging Market,Renegade,Golden Tempo,0.0705,0.0354,2203.6801,synth,1.9907,0.5527
4,15,1,Litmus Test,Emerging Market,Renegade,0.0608,0.0306,2553.1552,synth,1.9902,0.5523
1,4,15,Renegade,Litmus Test,Emerging Market,0.0688,0.0347,2249.8232,synth,1.9841,0.5476
11,18,1,Incredibolt,Further Ado,Renegade,0.0894,0.0454,1719.9045,synth,1.9717,0.538
4,6,1,Litmus Test,Commandment,Renegade,0.1066,0.0541,1442.1543,synth,1.9707,0.5372
1,4,6,Renegade,Litmus Test,Commandment,0.1137,0.0578,1349.8939,synth,1.9677,0.5348
1,2,18,Renegade,Albus,Further Ado,0.0555,0.0282,2766.1647,synth,1.9675,0.5346
8,3,18,So Happy,Intrepido,Further Ado,0.0632,0.0322,2426.0005,synth,1.9672,0.5344
6,1,19,Commandment,Renegade,Golden Tempo,0.1312,0.0668,1166.8388,synth,1.9626,0.5308
18,14,15,Further Ado,Potente,Emerging Market,0.0939,0.0481,1622.8293,synth,1.9539,0.5241
8,18,19,So Happy,Further Ado,Golden Tempo,0.1302,0.0668,1166.8388,synth,1.9478,0.5193
18,15,14,Further Ado,Emerging Market,Potente,0.0978,0.0503,1551.7191,synth,1.946,0.5179
18,1,15,Further Ado,Renegade,Emerging Market,0.2769,0.1423,547.9826,synth,1.9455,0.5175
18,14,6,Further Ado,Potente,Commandment,0.1552,0.0801,973.6976,synth,1.9377,0.5114
15,4,1,Emerging Market,Litmus Test,Renegade,0.0622,0.0321,2426.2469,synth,1.9352,0.5094
18,6,14,Further Ado,Commandment,Potente,0.1732,0.0896,870.9829,synth,1.9339,0.5084
18,1,6,Further Ado,Renegade,Commandment,0.4577,0.2372,328.7896,synth,1.9294,0.5049
1,15,4,Renegade,Emerging Market,Litmus Test,0.0706,0.0367,2123.4051,synth,1.9226,0.4997
18,11,15,Further Ado,Incredibolt,Emerging Market,0.0666,0.0347,2249.8232,synth,1.9208,0.4982
18,15,11,Further Ado,Emerging Market,Incredibolt,0.0705,0.0367,2123.4051,synth,1.9188,0.4966
18,15,1,Further Ado,Emerging Market,Renegade,0.2607,0.1364,571.686,synth,1.9106,0.4903
6,4,1,Commandment,Litmus Test,Renegade,0.1153,0.0603,1292.8119,synth,1.9105,0.4902
18,6,11,Further Ado,Commandment,Incredibolt,0.1248,0.0654,1191.8713,synth,1.9068,0.4873
4,8,18,Litmus Test,So Happy,Further Ado,0.1031,0.0541,1442.1543,synth,1.9063,0.4869
18,11,6,Further Ado,Incredibolt,Commandment,0.1101,0.0578,1349.8939,synth,1.9049,0.4858
1,6,4,Renegade,Commandment,Litmus Test,0.1244,0.0654,1191.8713,synth,1.9013,0.483
15,1,4,Emerging Market,Renegade,Litmus Test,0.0673,0.0354,2203.6801,synth,1.9005,0.4824
18,6,1,Further Ado,Commandment,Renegade,0.4615,0.2431,320.8884,synth,1.8987,0.481
1,14,18,Renegade,Potente,Further Ado,0.1294,0.0687,1135.9805,synth,1.8843,0.4698
19,15,6,Golden Tempo,Emerging Market,Commandment,0.0672,0.0356,2188.4188,synth,1.8841,0.4696
19,6,15,Golden Tempo,Commandment,Emerging Market,0.0712,0.0379,2060.2204,synth,1.8817,0.4677
2,18,6,Albus,Further Ado,Commandment,0.0559,0.0297,2623.3047,synth,1.8784,0.4651
14,1,18,Potente,Renegade,Further Ado,0.1192,0.0636,1226.3922,synth,1.8745,0.4621
6,1,4,Commandment,Renegade,Litmus Test,0.1253,0.0668,1166.8388,synth,1.8737,0.4615
6,18,2,Commandment,Further Ado,Albus,0.0721,0.0386,2019.5287,synth,1.8673,0.4565
8,18,4,So Happy,Further Ado,Litmus Test,0.1243,0.0668,1166.8388,synth,1.8596,0.4505
8,19,18,So Happy,Golden Tempo,Further Ado,0.1122,0.0603,1292.8119,synth,1.859,0.45
1,11,18,Renegade,Incredibolt,Further Ado,0.0918,0.0495,1574.8763,synth,1.8543,0.4464
11,1,18,Incredibolt,Renegade,Further Ado,0.0835,0.0454,1719.9045,synth,1.8418,0.4366
15,19,6,Emerging Market,Golden Tempo,Commandment,0.0685,0.0375,2079.6402,synth,1.827,0.4251
1,18,15,Renegade,Further Ado,Emerging Market,0.2594,0.1423,547.9826,synth,1.8221,0.4212
14,18,15,Potente,Further Ado,Emerging Market,0.081,0.0445,1751.9888,synth,1.8205,0.42
6,19,15,Commandment,Golden Tempo,Emerging Market,0.0768,0.0422,1846.8741,synth,1.8191,0.4189
18,16,8,Further Ado,Pavlovian,So Happy,0.0558,0.0308,2532.2253,synth,1.8118,0.4132
1,18,6,Renegade,Further Ado,Commandment,0.4287,0.2372,328.7896,synth,1.807,0.4094
14,18,6,Potente,Further Ado,Commandment,0.134,0.0742,1051.1933,synth,1.8054,0.4082
15,18,14,Emerging Market,Further Ado,Potente,0.0873,0.0484,1610.3816,synth,1.8015,0.4052
4,15,6,Litmus Test,Emerging Market,Commandment,0.0637,0.0356,2188.4188,synth,1.7885,0.395
11,18,15,Incredibolt,Further Ado,Emerging Market,0.0567,0.0317,2457.0065,synth,1.7868,0.3937
4,6,15,Litmus Test,Commandment,Emerging Market,0.0676,0.0379,2060.2204,synth,1.7859,0.393
6,18,14,Commandment,Further Ado,Potente,0.1633,0.0915,852.6899,synth,1.7849,0.3922
15,18,11,Emerging Market,Further Ado,Incredibolt,0.0629,0.0354,2203.6801,synth,1.7763,0.3855
11,18,6,Incredibolt,Further Ado,Commandment,0.0938,0.0529,1474.2039,synth,1.772,0.3821
8,4,18,So Happy,Litmus Test,Further Ado,0.1068,0.0603,1292.8119,synth,1.7694,0.3801
15,18,1,Emerging Market,Further Ado,Renegade,0.2325,0.1315,593.2985,synth,1.7688,0.3797
15,6,19,Emerging Market,Commandment,Golden Tempo,0.0744,0.0423,1845.3593,synth,1.7605,0.3732
6,18,11,Commandment,Further Ado,Incredibolt,0.1176,0.0668,1166.8388,synth,1.7599,0.3728
6,15,19,Commandment,Emerging Market,Golden Tempo,0.0786,0.0448,1740.7915,synth,1.7552,0.369
6,18,1,Commandment,Further Ado,Renegade,0.4351,0.2483,314.1489,synth,1.7525,0.3669
15,4,6,Emerging Market,Litmus Test,Commandment,0.0652,0.0375,2079.6402,synth,1.7391,0.3565
6,4,15,Commandment,Litmus Test,Emerging Market,0.0731,0.0422,1846.8741,synth,1.7313,0.3504
2,6,18,Albus,Commandment,Further Ado,0.0526,0.0304,2567.1067,synth,1.7305,0.3498
18,6,15,Further Ado,Commandment,Emerging Market,0.2928,0.1702,458.412,synth,1.7206,0.3421
18,15,6,Further Ado,Emerging Market,Commandment,0.2733,0.1592,490.0166,synth,1.717,0.3393
6,2,18,Commandment,Albus,Further Ado,0.059,0.0343,2271.4748,synth,1.7168,0.3391
18,8,16,Further Ado,So Happy,Pavlovian,0.0606,0.0354,2200.3778,synth,1.7089,0.3329
15,6,4,Emerging Market,Commandment,Litmus Test,0.071,0.0423,1845.3593,synth,1.6808,0.311
14,15,18,Potente,Emerging Market,Further Ado,0.0719,0.0428,1821.4472,synth,1.6779,0.3087
6,15,4,Commandment,Emerging Market,Litmus Test,0.0751,0.0448,1740.7915,synth,1.6757,0.3071
15,14,18,Emerging Market,Potente,Further Ado,0.0743,0.0445,1750.9501,synth,1.6672,0.3004
19,1,12,Golden Tempo,Renegade,Chief Wallabee,0.0661,0.0397,1965.6052,synth,1.6666,0.2999
1,15,18,Renegade,Emerging Market,Further Ado,0.2272,0.1364,571.686,synth,1.665,0.2987
14,6,18,Potente,Commandment,Further Ado,0.1259,0.0759,1028.0405,synth,1.6591,0.2941
11,15,18,Incredibolt,Emerging Market,Further Ado,0.0504,0.0306,2553.1552,synth,1.649,0.2862
1,6,18,Renegade,Commandment,Further Ado,0.4002,0.2431,320.8884,synth,1.6465,0.2843
15,1,18,Emerging Market,Renegade,Further Ado,0.2164,0.1315,593.2985,synth,1.6459,0.2838
6,14,18,Commandment,Potente,Further Ado,0.1375,0.0837,932.2518,synth,1.6435,0.282
15,11,18,Emerging Market,Incredibolt,Further Ado,0.0528,0.0321,2426.2469,synth,1.6411,0.2801
1,19,12,Renegade,Golden Tempo,Chief Wallabee,0.0709,0.0433,1799.8586,synth,1.6349,0.2752
11,6,18,Incredibolt,Commandment,Further Ado,0.0882,0.0541,1442.1543,synth,1.6304,0.2717
6,1,18,Commandment,Renegade,Further Ado,0.4029,0.2483,314.1489,synth,1.6227,0.2657
6,11,18,Commandment,Incredibolt,Further Ado,0.0976,0.0603,1292.8119,synth,1.6177,0.2618
19,12,1,Golden Tempo,Chief Wallabee,Renegade,0.0627,0.039,1997.6548,synth,1.6052,0.2521
15,18,6,Emerging Market,Further Ado,Commandment,0.2438,0.1534,508.5416,synth,1.5896,0.2399
6,18,15,Commandment,Further Ado,Emerging Market,0.276,0.1738,448.7842,synth,1.5881,0.2387
4,1,12,Litmus Test,Renegade,Chief Wallabee,0.0628,0.0397,1965.6052,synth,1.5818,0.2338
1,4,12,Renegade,Litmus Test,Chief Wallabee,0.0674,0.0433,1799.8586,synth,1.5559,0.2136
1,6,16,Renegade,Commandment,Pavlovian,0.0547,0.0354,2200.3778,synth,1.544,0.2043
1,12,19,Renegade,Chief Wallabee,Golden Tempo,0.0724,0.0471,1657.6382,synth,1.5382,0.1998
18,14,12,Further Ado,Potente,Chief Wallabee,0.0921,0.0601,1298.2635,synth,1.5323,0.1952
18,1,12,Further Ado,Renegade,Chief Wallabee,0.2715,0.1779,438.3861,synth,1.5257,0.19
4,12,1,Litmus Test,Chief Wallabee,Renegade,0.0595,0.039,1997.6548,synth,1.5238,0.1885
6,1,16,Commandment,Renegade,Pavlovian,0.0551,0.0362,2154.164,synth,1.5216,0.1869
12,19,1,Chief Wallabee,Golden Tempo,Renegade,0.0639,0.042,1858.0193,synth,1.521,0.1864
8,18,16,So Happy,Further Ado,Pavlovian,0.0547,0.0362,2154.164,synth,1.5101,0.1779
18,11,12,Further Ado,Incredibolt,Chief Wallabee,0.0653,0.0433,1799.8586,synth,1.5063,0.1749
18,12,14,Further Ado,Chief Wallabee,Potente,0.0957,0.0644,1211.351,synth,1.4861,0.1592
12,1,19,Chief Wallabee,Renegade,Golden Tempo,0.0688,0.0463,1683.7494,synth,1.4858,0.1589
19,6,12,Golden Tempo,Commandment,Chief Wallabee,0.0698,0.0473,1648.1763,synth,1.4756,0.151
1,12,4,Renegade,Chief Wallabee,Litmus Test,0.0691,0.0471,1657.6382,synth,1.4685,0.1454
18,12,11,Further Ado,Chief Wallabee,Incredibolt,0.069,0.0471,1657.6382,synth,1.4654,0.143
18,12,1,Further Ado,Chief Wallabee,Renegade,0.255,0.1748,446.2872,synth,1.4591,0.1381
19,1,8,Golden Tempo,Renegade,So Happy,0.0771,0.0529,1474.2039,synth,1.4572,0.1367
15,6,18,Emerging Market,Commandment,Further Ado,0.2285,0.157,496.8275,synth,1.4556,0.1354
6,15,18,Commandment,Emerging Market,Further Ado,0.2415,0.1664,468.6746,synth,1.4512,0.1319
12,4,1,Chief Wallabee,Litmus Test,Renegade,0.0608,0.042,1858.0193,synth,1.4478,0.1293
19,12,6,Golden Tempo,Chief Wallabee,Commandment,0.0657,0.0456,1712.2755,synth,1.4426,0.1252
1,19,8,Renegade,Golden Tempo,So Happy,0.0826,0.0578,1349.8939,synth,1.4295,0.115
1,18,12,Renegade,Further Ado,Chief Wallabee,0.2542,0.1779,438.3861,synth,1.4289,0.1145
14,18,12,Potente,Further Ado,Chief Wallabee,0.0794,0.0557,1401.5911,synth,1.4276,0.1135
6,19,12,Commandment,Golden Tempo,Chief Wallabee,0.0753,0.0528,1477.4993,synth,1.4266,0.1127
12,1,4,Chief Wallabee,Renegade,Litmus Test,0.0657,0.0463,1683.7494,synth,1.4185,0.1064
11,18,12,Incredibolt,Further Ado,Chief Wallabee,0.0556,0.0397,1965.6052,synth,1.4012,0.0929
4,6,12,Litmus Test,Commandment,Chief Wallabee,0.0663,0.0473,1648.1763,synth,1.4005,0.0924
4,1,8,Litmus Test,Renegade,So Happy,0.0732,0.0529,1474.2039,synth,1.3831,0.0788
19,8,1,Golden Tempo,So Happy,Renegade,0.0741,0.0541,1442.1543,synth,1.3706,0.069
4,12,6,Litmus Test,Chief Wallabee,Commandment,0.0624,0.0456,1712.2755,synth,1.3694,0.0681
12,19,6,Chief Wallabee,Golden Tempo,Commandment,0.0669,0.049,1592.588,synth,1.3669,0.0662
1,4,8,Renegade,Litmus Test,So Happy,0.0786,0.0578,1349.8939,synth,1.3605,0.0612
18,15,12,Further Ado,Emerging Market,Chief Wallabee,0.1621,0.1194,653.3554,synth,1.3577,0.059
6,4,12,Commandment,Litmus Test,Chief Wallabee,0.0717,0.0528,1477.4993,synth,1.3577,0.059
18,6,12,Further Ado,Commandment,Chief Wallabee,0.287,0.2127,366.7296,synth,1.3493,0.0525
12,18,14,Chief Wallabee,Further Ado,Potente,0.0852,0.0634,1230.4322,synth,1.3444,0.0486
6,12,19,Commandment,Chief Wallabee,Golden Tempo,0.0769,0.0574,1358.1564,synth,1.3398,0.0451
18,14,8,Further Ado,Potente,So Happy,0.1073,0.0801,973.6976,synth,1.3398,0.045
18,1,8,Further Ado,Renegade,So Happy,0.3165,0.2372,328.7896,synth,1.334,0.0405
12,18,11,Chief Wallabee,Further Ado,Incredibolt,0.0614,0.0463,1683.7494,synth,1.3256,0.034
18,8,2,Further Ado,So Happy,Albus,0.0501,0.0378,2062.8542,synth,1.3252,0.0336
18,12,15,Further Ado,Chief Wallabee,Emerging Market,0.1618,0.1223,637.5532,synth,1.3222,0.0314
12,18,1,Chief Wallabee,Further Ado,Renegade,0.2271,0.1721,453.3171,synth,1.32,0.0296
18,11,8,Further Ado,Incredibolt,So Happy,0.0761,0.0578,1349.8939,synth,1.3171,0.0273
18,1,17,Further Ado,Renegade,Six Speed,0.0519,0.0395,1972.7374,synth,1.3135,0.0245
12,6,19,Chief Wallabee,Commandment,Golden Tempo,0.0727,0.0554,1409.1459,synth,1.3132,0.0243
18,12,6,Further Ado,Chief Wallabee,Commandment,0.2674,0.2039,382.5319,synth,1.3113,0.0228
1,8,19,Renegade,So Happy,Golden Tempo,0.0857,0.0654,1191.8713,synth,1.3095,0.0214
12,4,6,Chief Wallabee,Litmus Test,Commandment,0.0637,0.049,1592.588,synth,1.3011,0.0149
4,8,1,Litmus Test,So Happy,Renegade,0.0704,0.0541,1442.1543,synth,1.301,0.0148
19,6,8,Golden Tempo,Commandment,So Happy,0.0814,0.0631,1236.1322,synth,1.2903,0.0064
14,12,18,Potente,Chief Wallabee,Further Ado,0.0703,0.0547,1424.7439,synth,1.2843,0.0018
6,12,4,Commandment,Chief Wallabee,Litmus Test,0.0735,0.0574,1358.1564,synth,1.2791,-0.0023
1,12,18,Renegade,Chief Wallabee,Further Ado,0.2223,0.1748,446.2872,synth,1.2718,-0.008
8,19,1,So Happy,Golden Tempo,Renegade,0.0765,0.0603,1292.8119,synth,1.2687,-0.0104
18,8,14,Further Ado,So Happy,Potente,0.1134,0.0896,870.9829,synth,1.2667,-0.012
15,18,12,Emerging Market,Further Ado,Chief Wallabee,0.1446,0.115,678.0554,synth,1.257,-0.0196
12,6,4,Chief Wallabee,Commandment,Litmus Test,0.0694,0.0554,1409.1459,synth,1.2537,-0.0221
1,8,4,Renegade,So Happy,Litmus Test,0.0818,0.0654,1191.8713,synth,1.2502,-0.0248
1,18,8,Renegade,Further Ado,So Happy,0.2964,0.2372,328.7896,synth,1.2494,-0.0255
18,8,11,Further Ado,So Happy,Incredibolt,0.0817,0.0654,1191.8713,synth,1.249,-0.0258
14,18,8,Potente,Further Ado,So Happy,0.0926,0.0742,1051.1933,synth,1.2483,-0.0263
6,19,8,Commandment,Golden Tempo,So Happy,0.0878,0.0704,1108.1244,synth,1.2474,-0.0271
12,14,18,Chief Wallabee,Potente,Further Ado,0.0726,0.0582,1340.4975,synth,1.247,-0.0273
6,18,12,Commandment,Further Ado,Chief Wallabee,0.2706,0.2173,359.0273,synth,1.2454,-0.0286
18,8,1,Further Ado,So Happy,Renegade,0.3023,0.2431,320.8884,synth,1.2437,-0.0299
8,1,19,So Happy,Renegade,Golden Tempo,0.0826,0.0668,1166.8388,synth,1.2357,-0.0362
19,8,6,Golden Tempo,So Happy,Commandment,0.0777,0.0631,1236.1322,synth,1.2317,-0.0393
12,1,18,Chief Wallabee,Renegade,Further Ado,0.2114,0.1721,453.3171,synth,1.2284,-0.0418
12,11,18,Chief Wallabee,Incredibolt,Further Ado,0.0515,0.042,1858.0193,synth,1.2279,-0.0423
11,18,8,Incredibolt,Further Ado,So Happy,0.0648,0.0529,1474.2039,synth,1.2252,-0.0444
4,6,8,Litmus Test,Commandment,So Happy,0.0773,0.0631,1236.1322,synth,1.2246,-0.0448
6,8,3,Commandment,So Happy,Intrepido,0.0528,0.0433,1800.9623,synth,1.2198,-0.0486
8,4,1,So Happy,Litmus Test,Renegade,0.0729,0.0603,1292.8119,synth,1.2076,-0.0581
12,18,15,Chief Wallabee,Further Ado,Emerging Market,0.1441,0.1204,647.5959,synth,1.1961,-0.067
18,15,8,Further Ado,Emerging Market,So Happy,0.189,0.1592,490.0166,synth,1.1872,-0.074
6,4,8,Commandment,Litmus Test,So Happy,0.0836,0.0704,1108.1244,synth,1.1871,-0.074
12,18,6,Chief Wallabee,Further Ado,Commandment,0.2381,0.2007,388.5575,synth,1.1862,-0.0747
18,6,8,Further Ado,Commandment,So Happy,0.3346,0.2836,275.0472,synth,1.1798,-0.0797
8,1,4,So Happy,Renegade,Litmus Test,0.0789,0.0668,1166.8388,synth,1.1797,-0.0798
18,1,10,Further Ado,Renegade,Wonder Dean (JPN),0.0643,0.0547,1424.7548,synth,1.1753,-0.0832
4,8,6,Litmus Test,So Happy,Commandment,0.0738,0.0631,1236.1322,synth,1.1692,-0.0881
8,6,3,So Happy,Commandment,Intrepido,0.0506,0.0433,1800.9623,synth,1.1679,-0.089
1,14,15,Renegade,Potente,Emerging Market,0.056,0.0481,1622.8293,synth,1.1653,-0.091
18,6,17,Further Ado,Commandment,Six Speed,0.0549,0.0473,1650.2834,synth,1.1617,-0.0939
14,1,15,Potente,Renegade,Emerging Market,0.0516,0.0445,1751.9888,synth,1.1593,-0.0958
1,15,14,Renegade,Emerging Market,Potente,0.0582,0.0503,1551.7191,synth,1.1574,-0.0973
1,14,6,Renegade,Potente,Commandment,0.0926,0.0801,973.6976,synth,1.1557,-0.0986
14,1,6,Potente,Renegade,Commandment,0.0853,0.0742,1051.1933,synth,1.1497,-0.1033
1,6,14,Renegade,Commandment,Potente,0.1025,0.0896,870.9829,synth,1.1445,-0.1073
15,1,14,Emerging Market,Renegade,Potente,0.0554,0.0484,1610.3816,synth,1.1441,-0.1076
8,19,6,So Happy,Golden Tempo,Commandment,0.0803,0.0704,1108.1244,synth,1.1401,-0.1107
6,8,19,Commandment,So Happy,Golden Tempo,0.0911,0.08,975.5213,synth,1.1396,-0.1111
15,14,1,Emerging Market,Potente,Renegade,0.0507,0.0445,1750.9501,synth,1.1378,-0.1125
1,11,6,Renegade,Incredibolt,Commandment,0.0657,0.0578,1349.8939,synth,1.1373,-0.1129
18,10,1,Further Ado,Wonder Dean (JPN),Renegade,0.0562,0.0495,1574.8763,synth,1.1343,-0.1152
14,6,1,Potente,Commandment,Renegade,0.0859,0.0759,1028.0405,synth,1.1322,-0.1168
11,1,6,Incredibolt,Renegade,Commandment,0.0598,0.0529,1474.2039,synth,1.1296,-0.1189
1,6,11,Renegade,Commandment,Incredibolt,0.0739,0.0654,1191.8713,synth,1.1285,-0.1198
6,1,14,Commandment,Renegade,Potente,0.1032,0.0915,852.6899,synth,1.1279,-0.1202
18,8,15,Further Ado,So Happy,Emerging Market,0.1918,0.1702,458.412,synth,1.127,-0.1209
15,12,18,Emerging Market,Chief Wallabee,Further Ado,0.1274,0.1131,689.7695,synth,1.1263,-0.1215
6,14,1,Commandment,Potente,Renegade,0.0938,0.0837,932.2518,synth,1.1216,-0.1251
8,18,14,So Happy,Further Ado,Potente,0.1024,0.0915,852.6899,synth,1.1194,-0.1269
18,8,6,Further Ado,So Happy,Commandment,0.317,0.2836,275.0472,synth,1.1177,-0.1282
11,6,1,Incredibolt,Commandment,Renegade,0.0602,0.0541,1442.1543,synth,1.1127,-0.1321
6,1,11,Commandment,Renegade,Incredibolt,0.0743,0.0668,1166.8388,synth,1.1121,-0.1325
6,12,18,Commandment,Chief Wallabee,Further Ado,0.2363,0.2133,365.6575,synth,1.1078,-0.1359
6,11,1,Commandment,Incredibolt,Renegade,0.0666,0.0603,1292.8119,synth,1.104,-0.1389
8,18,11,So Happy,Further Ado,Incredibolt,0.0738,0.0668,1166.8388,synth,1.1037,-0.1391
1,18,10,Renegade,Further Ado,Wonder Dean (JPN),0.0603,0.0547,1424.7548,synth,1.1007,-0.1414
12,15,18,Chief Wallabee,Emerging Market,Further Ado,0.1272,0.1155,675.1122,synth,1.1005,-0.1416
15,18,8,Emerging Market,Further Ado,So Happy,0.1686,0.1534,508.5416,synth,1.0991,-0.1427
8,18,1,So Happy,Further Ado,Renegade,0.2729,0.2483,314.1489,synth,1.099,-0.1427
14,8,18,Potente,So Happy,Further Ado,0.0831,0.0759,1028.0405,synth,1.0958,-0.1453
8,6,19,So Happy,Commandment,Golden Tempo,0.0872,0.08,975.5213,synth,1.0911,-0.1489
6,18,8,Commandment,Further Ado,So Happy,0.3154,0.2897,269.2705,synth,1.0889,-0.1506
6,8,4,Commandment,So Happy,Litmus Test,0.087,0.08,975.5213,synth,1.088,-0.1514
12,6,18,Chief Wallabee,Commandment,Further Ado,0.2232,0.2056,379.3854,synth,1.0858,-0.1531
8,4,6,So Happy,Litmus Test,Commandment,0.0764,0.0704,1108.1244,synth,1.0852,-0.1535
1,8,18,Renegade,So Happy,Further Ado,0.2632,0.2431,320.8884,synth,1.0827,-0.1555
11,8,18,Incredibolt,So Happy,Further Ado,0.0583,0.0541,1442.1543,synth,1.0776,-0.1595
6,18,17,Commandment,Further Ado,Six Speed,0.0518,0.0483,1615.623,synth,1.0722,-0.1637
8,6,4,So Happy,Commandment,Litmus Test,0.0833,0.08,975.5213,synth,1.0417,-0.1875
18,6,10,Further Ado,Commandment,Wonder Dean (JPN),0.068,0.0654,1191.8713,synth,1.0395,-0.1892
8,14,18,So Happy,Potente,Further Ado,0.087,0.0837,932.2518,synth,1.0394,-0.1893
14,15,6,Potente,Emerging Market,Commandment,0.0514,0.05,1561.2405,synth,1.029,-0.1973
14,6,15,Potente,Commandment,Emerging Market,0.0545,0.0531,1468.6293,synth,1.026,-0.1997
8,11,18,So Happy,Incredibolt,Further Ado,0.0618,0.0603,1292.8119,synth,1.0237,-0.2015
15,14,6,Emerging Market,Potente,Commandment,0.0531,0.052,1500.8144,synth,1.0225,-0.2024
8,1,18,So Happy,Renegade,Further Ado,0.2537,0.2483,314.1489,synth,1.0216,-0.2031
1,15,6,Renegade,Emerging Market,Commandment,0.1626,0.1592,490.0166,synth,1.0212,-0.2035
18,10,6,Further Ado,Wonder Dean (JPN),Commandment,0.0589,0.0578,1349.8939,synth,1.0194,-0.2049
1,6,15,Renegade,Commandment,Emerging Market,0.1733,0.1702,458.412,synth,1.0183,-0.2057
6,14,15,Commandment,Potente,Emerging Market,0.0595,0.0586,1331.7883,synth,1.0164,-0.2072
15,6,14,Emerging Market,Commandment,Potente,0.0585,0.0578,1348.5318,synth,1.0118,-0.2108
15,1,6,Emerging Market,Renegade,Commandment,0.1548,0.1534,508.5416,synth,1.0095,-0.2126
6,15,14,Commandment,Emerging Market,Potente,0.0619,0.0613,1272.1169,synth,1.0087,-0.2132
6,1,15,Commandment,Renegade,Emerging Market,0.1744,0.1738,448.7842,synth,1.0035,-0.2172
8,18,15,So Happy,Further Ado,Emerging Market,0.1731,0.1738,448.7842,synth,0.996,-0.2232
15,6,1,Emerging Market,Commandment,Renegade,0.156,0.157,496.8275,synth,0.9934,-0.2252
6,15,1,Commandment,Emerging Market,Renegade,0.1648,0.1664,468.6746,synth,0.9904,-0.2275
8,18,6,So Happy,Further Ado,Commandment,0.2861,0.2897,269.2705,synth,0.9877,-0.2296
15,8,18,Emerging Market,So Happy,Further Ado,0.1507,0.157,496.8275,synth,0.9597,-0.2514
6,18,10,Commandment,Further Ado,Wonder Dean (JPN),0.0641,0.0668,1166.8388,synth,0.9594,-0.2517
6,8,18,Commandment,So Happy,Further Ado,0.2798,0.297,262.6403,synth,0.9422,-0.2651
8,15,18,So Happy,Emerging Market,Further Ado,0.1525,0.1664,468.6746,synth,0.9161,-0.2854
18,1,7,Further Ado,Renegade,Danon Bourbon (JPN),0.0869,0.0949,821.9739,synth,0.9153,-0.2861
1,14,12,Renegade,Potente,Chief Wallabee,0.0549,0.0601,1298.2635,synth,0.9138,-0.2872
14,1,12,Potente,Renegade,Chief Wallabee,0.0506,0.0557,1401.5911,synth,0.9091,-0.2909
18,12,8,Further Ado,Chief Wallabee,So Happy,0.1849,0.2039,382.5319,synth,0.9067,-0.2928
8,6,18,So Happy,Commandment,Further Ado,0.2679,0.297,262.6403,synth,0.9021,-0.2963
1,12,14,Renegade,Chief Wallabee,Potente,0.0569,0.0644,1211.351,synth,0.884,-0.3105
18,8,12,Further Ado,So Happy,Chief Wallabee,0.188,0.2127,366.7296,synth,0.8838,-0.3106
18,7,1,Further Ado,Danon Bourbon (JPN),Renegade,0.0764,0.0881,885.183,synth,0.8673,-0.3235
6,10,18,Commandment,Wonder Dean (JPN),Further Ado,0.0523,0.0603,1292.8119,synth,0.8666,-0.324
1,18,7,Renegade,Further Ado,Danon Bourbon (JPN),0.0813,0.0949,821.9739,synth,0.8572,-0.3314
12,1,14,Chief Wallabee,Renegade,Potente,0.0541,0.0634,1230.4322,synth,0.8539,-0.334
12,18,8,Chief Wallabee,Further Ado,So Happy,0.1646,0.2007,388.5575,synth,0.8202,-0.3603
18,15,7,Further Ado,Emerging Market,Danon Bourbon (JPN),0.0519,0.0637,1225.0414,synth,0.8146,-0.3646
18,6,7,Further Ado,Commandment,Danon Bourbon (JPN),0.0918,0.1134,687.6181,synth,0.8095,-0.3686
1,15,12,Renegade,Emerging Market,Chief Wallabee,0.0964,0.1194,653.3554,synth,0.8075,-0.3701
14,6,12,Potente,Commandment,Chief Wallabee,0.0534,0.0664,1174.9034,synth,0.8046,-0.3724
1,14,8,Renegade,Potente,So Happy,0.064,0.0801,973.6976,synth,0.7991,-0.3767
1,6,12,Renegade,Commandment,Chief Wallabee,0.1698,0.2127,366.7296,synth,0.7985,-0.3771
15,1,12,Emerging Market,Renegade,Chief Wallabee,0.0918,0.115,678.0554,synth,0.7982,-0.3774
6,14,12,Commandment,Potente,Chief Wallabee,0.0584,0.0732,1065.4307,synth,0.7971,-0.3783
14,1,8,Potente,Renegade,So Happy,0.059,0.0742,1051.1933,synth,0.7949,-0.38
14,12,6,Potente,Chief Wallabee,Commandment,0.0503,0.0639,1221.209,synth,0.7877,-0.3856
6,1,12,Commandment,Renegade,Chief Wallabee,0.171,0.2173,359.0273,synth,0.787,-0.3862
1,12,15,Renegade,Chief Wallabee,Emerging Market,0.0962,0.1223,637.5532,synth,0.7865,-0.3865
7,18,1,Danon Bourbon (JPN),Further Ado,Renegade,0.0645,0.0826,944.6748,synth,0.7814,-0.3905
8,18,12,So Happy,Further Ado,Chief Wallabee,0.1697,0.2173,359.0273,synth,0.781,-0.3908
1,12,6,Renegade,Chief Wallabee,Commandment,0.159,0.2039,382.5319,synth,0.78,-0.3916
18,7,6,Further Ado,Danon Bourbon (JPN),Commandment,0.0801,0.1028,758.7282,synth,0.7794,-0.3921
6,12,14,Commandment,Chief Wallabee,Potente,0.0605,0.0786,992.4989,synth,0.77,-0.3994
15,12,1,Emerging Market,Chief Wallabee,Renegade,0.0869,0.1131,689.7695,synth,0.7686,-0.4005
12,14,6,Chief Wallabee,Potente,Commandment,0.0519,0.0679,1148.9978,synth,0.7648,-0.4035
12,1,15,Chief Wallabee,Renegade,Emerging Market,0.0915,0.1204,647.5959,synth,0.7597,-0.4074
1,7,18,Renegade,Danon Bourbon (JPN),Further Ado,0.0669,0.0881,885.183,synth,0.7592,-0.4078
6,12,1,Commandment,Chief Wallabee,Renegade,0.1613,0.2133,365.6575,synth,0.756,-0.4103
12,6,14,Chief Wallabee,Commandment,Potente,0.0572,0.0757,1029.7605,synth,0.7547,-0.4113
12,1,6,Chief Wallabee,Renegade,Commandment,0.1512,0.2007,388.5575,synth,0.7534,-0.4123
1,8,14,Renegade,So Happy,Potente,0.0674,0.0896,870.9829,synth,0.7526,-0.413
12,15,1,Chief Wallabee,Emerging Market,Renegade,0.0868,0.1155,675.1122,synth,0.7511,-0.4142
14,8,1,Potente,So Happy,Renegade,0.0567,0.0759,1028.0405,synth,0.7478,-0.4167
6,18,7,Commandment,Further Ado,Danon Bourbon (JPN),0.0866,0.1159,673.1762,synth,0.7471,-0.4172
12,6,1,Chief Wallabee,Commandment,Renegade,0.1523,0.2056,379.3854,synth,0.741,-0.422
7,1,18,Danon Bourbon (JPN),Renegade,Further Ado,0.0603,0.0826,944.6748,synth,0.7305,-0.4302
12,8,18,Chief Wallabee,So Happy,Further Ado,0.1472,0.2056,379.3854,synth,0.7159,-0.4416
8,1,14,So Happy,Renegade,Potente,0.065,0.0915,852.6899,synth,0.7101,-0.4461
8,14,1,So Happy,Potente,Renegade,0.0593,0.0837,932.2518,synth,0.7093,-0.4467
1,15,8,Renegade,Emerging Market,So Happy,0.1124,0.1592,490.0166,synth,0.7061,-0.4493
15,6,12,Emerging Market,Commandment,Chief Wallabee,0.097,0.1374,567.8029,synth,0.7059,-0.4494
6,15,12,Commandment,Emerging Market,Chief Wallabee,0.1025,0.1456,535.6282,synth,0.7038,-0.451
14,6,8,Potente,Commandment,So Happy,0.0623,0.0885,881.1776,synth,0.7035,-0.4512
7,18,6,Danon Bourbon (JPN),Further Ado,Commandment,0.0676,0.0963,809.7213,synth,0.7023,-0.4522
8,12,18,So Happy,Chief Wallabee,Further Ado,0.1492,0.2133,365.6575,synth,0.6994,-0.4545
1,6,8,Renegade,Commandment,So Happy,0.198,0.2836,275.0472,synth,0.6982,-0.4554
15,1,8,Emerging Market,Renegade,So Happy,0.1071,0.1534,508.5416,synth,0.698,-0.4556
6,14,8,Commandment,Potente,So Happy,0.068,0.0976,799.073,synth,0.697,-0.4564
15,12,6,Emerging Market,Chief Wallabee,Commandment,0.0911,0.1319,591.231,synth,0.6907,-0.4612
6,1,8,Commandment,Renegade,So Happy,0.1993,0.2897,269.2705,synth,0.6881,-0.4633
6,12,15,Commandment,Chief Wallabee,Emerging Market,0.1023,0.1493,522.3678,synth,0.6851,-0.4656
12,15,6,Chief Wallabee,Emerging Market,Commandment,0.091,0.1348,578.6676,synth,0.675,-0.4735
14,8,6,Potente,So Happy,Commandment,0.0595,0.0885,881.1776,synth,0.6721,-0.4758
12,6,15,Chief Wallabee,Commandment,Emerging Market,0.0966,0.1439,541.9792,synth,0.6715,-0.4763
1,8,15,Renegade,So Happy,Emerging Market,0.1139,0.1702,458.412,synth,0.6696,-0.4777
1,8,6,Renegade,So Happy,Commandment,0.1883,0.2836,275.0472,synth,0.664,-0.482
6,7,18,Commandment,Danon Bourbon (JPN),Further Ado,0.0711,0.1074,726.2175,synth,0.6619,-0.4837
15,8,1,Emerging Market,So Happy,Renegade,0.1028,0.157,496.8275,synth,0.655,-0.4891
6,8,14,Commandment,So Happy,Potente,0.0717,0.1094,712.8809,synth,0.6549,-0.4891
7,6,18,Danon Bourbon (JPN),Commandment,Further Ado,0.0637,0.0985,791.6524,synth,0.6462,-0.496
6,8,11,Commandment,So Happy,Incredibolt,0.0516,0.08,975.5213,synth,0.6458,-0.4963
6,8,1,Commandment,So Happy,Renegade,0.191,0.297,262.6403,synth,0.643,-0.4984
8,14,6,So Happy,Potente,Commandment,0.0622,0.0976,799.073,synth,0.6375,-0.5028
8,1,15,So Happy,Renegade,Emerging Market,0.1098,0.1738,448.7842,synth,0.6318,-0.5072
8,6,14,So Happy,Commandment,Potente,0.0686,0.1094,712.8809,synth,0.6271,-0.5109
8,1,6,So Happy,Renegade,Commandment,0.1815,0.2897,269.2705,synth,0.6266,-0.5113
8,15,1,So Happy,Emerging Market,Renegade,0.1041,0.1664,468.6746,synth,0.6252,-0.5123
18,12,7,Further Ado,Chief Wallabee,Danon Bourbon (JPN),0.0507,0.0816,956.3297,synth,0.6221,-0.5148
15,6,8,Emerging Market,Commandment,So Happy,0.1131,0.1832,425.8522,synth,0.6173,-0.5185
8,6,1,So Happy,Commandment,Renegade,0.1828,0.297,262.6403,synth,0.6157,-0.5198
6,15,8,Commandment,Emerging Market,So Happy,0.1195,0.1942,401.7211,synth,0.6154,-0.52
15,8,6,Emerging Market,So Happy,Commandment,0.1078,0.1832,425.8522,synth,0.5886,-0.5409
6,8,15,Commandment,So Happy,Emerging Market,0.1211,0.2079,375.2005,synth,0.5827,-0.5455
8,15,6,So Happy,Emerging Market,Commandment,0.1091,0.1942,401.7211,synth,0.5619,-0.5617
8,6,15,So Happy,Commandment,Emerging Market,0.116,0.2079,375.2005,synth,0.5579,-0.5648
1,12,8,Renegade,Chief Wallabee,So Happy,0.11,0.2039,382.5319,synth,0.5393,-0.5793
18,7,8,Further Ado,Danon Bourbon (JPN),So Happy,0.0554,0.1028,758.7282,synth,0.5389,-0.5797
18,8,7,Further Ado,So Happy,Danon Bourbon (JPN),0.0601,0.1134,687.6181,synth,0.5302,-0.5864
1,8,12,Renegade,So Happy,Chief Wallabee,0.1117,0.2127,366.7296,synth,0.5251,-0.5904
12,1,8,Chief Wallabee,Renegade,So Happy,0.1046,0.2007,388.5575,synth,0.5209,-0.5937
8,1,12,So Happy,Renegade,Chief Wallabee,0.1076,0.2173,359.0273,synth,0.4955,-0.6135
12,8,1,Chief Wallabee,So Happy,Renegade,0.1005,0.2056,379.3854,synth,0.4886,-0.6189
1,6,7,Renegade,Commandment,Danon Bourbon (JPN),0.0543,0.1134,687.6181,synth,0.4791,-0.6263
15,12,8,Emerging Market,Chief Wallabee,So Happy,0.063,0.1319,591.231,synth,0.4776,-0.6275
8,12,1,So Happy,Chief Wallabee,Renegade,0.1018,0.2133,365.6575,synth,0.4773,-0.6277
6,1,7,Commandment,Renegade,Danon Bourbon (JPN),0.0547,0.1159,673.1762,synth,0.4721,-0.6317
6,12,8,Commandment,Chief Wallabee,So Happy,0.1169,0.2489,313.4207,synth,0.4698,-0.6336
8,18,7,So Happy,Further Ado,Danon Bourbon (JPN),0.0543,0.1159,673.1762,synth,0.4686,-0.6345
12,15,8,Chief Wallabee,Emerging Market,So Happy,0.0629,0.1348,578.6676,synth,0.4667,-0.636
15,8,12,Emerging Market,So Happy,Chief Wallabee,0.0639,0.1374,567.8029,synth,0.4655,-0.6369
12,6,8,Chief Wallabee,Commandment,So Happy,0.1104,0.2399,325.1875,synth,0.4604,-0.6409
6,8,12,Commandment,So Happy,Chief Wallabee,0.1187,0.2599,300.1604,synth,0.457,-0.6436
8,15,12,So Happy,Emerging Market,Chief Wallabee,0.0647,0.1456,535.6282,synth,0.4443,-0.6534
12,8,15,Chief Wallabee,So Happy,Emerging Market,0.0637,0.1439,541.9792,synth,0.4428,-0.6546
12,8,6,Chief Wallabee,So Happy,Commandment,0.1053,0.2399,325.1875,synth,0.4391,-0.6575
8,6,12,So Happy,Commandment,Chief Wallabee,0.1137,0.2599,300.1604,synth,0.4375,-0.6587
8,12,15,So Happy,Chief Wallabee,Emerging Market,0.0646,0.1493,522.3678,synth,0.4325,-0.6626
8,12,6,So Happy,Chief Wallabee,Commandment,0.1068,0.2489,313.4207,synth,0.4289,-0.6654
